image_id,file_path,sha256,concept_id,split,subset_membership,caption,source,consent_or_license,notes
img_7907,data/raw/dog_plush/v1/train_pool/IMG_7907.jpeg,ff11b3e26c2da256a21457496dd1e5f936cf6da362ba03fe4a1aedc5858d2e1a,dog_plush,train_pool,,a photo of zzobj02 plush toy,self-captured,self-captured,
img_7908,data/raw/dog_plush/v1/train_pool/IMG_7908.jpeg,0348b5ccdec3a5f56a1dcf7b8cbf1a4cdccc0c41d112af9abf3a88c04ef98ceb,dog_plush,train_pool,,a photo of zzobj02 plush toy,self-captured,self-captured,
img_7909,data/raw/dog_plush/v1/train_pool/IMG_7909.jpeg,e3f6f13982661b12c1e5deea8275aa06ae2e821d10669a5ad416c1e8f19812ac,dog_plush,train_pool,,a photo of zzobj02 plush toy,self-captured,self-captured,
img_7910,data/raw/dog_plush/v1/train_pool/IMG_7910.jpeg,deed0d739889c863e05f32916d5ecc4d1e933c10a0d41369d692978171fe3976,dog_plush,train_pool,,a photo of zzobj02 plush toy,self-captured,self-captured,
img_7911,data/raw/dog_plush/v1/train_pool/IMG_7911.jpeg,088e57abced471b2f354662f592aa2ffc00dbb409db10fb4e6f7f94216a4e931,dog_plush,train_pool,,a photo of zzobj02 plush toy,self-captured,self-captured,
img_7912,data/raw/dog_plush/v1/train_pool/IMG_7912.jpeg,1eb6eb4152098dec9f3e8c1d6e2e6af40361d0175cfd7e6f60c7d61ffcde2471,dog_plush,train_pool,,a photo of zzobj02 plush toy,self-captured,self-captured,
img_7913,data/raw/dog_plush/v1/train_pool/IMG_7913.jpeg,83190d7bad8498198df9acfc179706000296c967cd6c286f7a9f067f907552e5,dog_plush,train_pool,,a photo of zzobj02 plush toy,self-captured,self-captured,
img_7914,data/raw/dog_plush/v1/train_pool/IMG_7914.jpeg,a0db8a935582a963a4d0af3b5f9b88273e192f2c31fc98fd4bb696437b70d97a,dog_plush,train_pool,,a photo of zzobj02 plush toy,self-captured,self-captured,
img_7915,data/raw/dog_plush/v1/train_pool/IMG_7915.jpeg,b06d8c23c3104695cc0c3d7075379bab3d29097fc1e12298ac9c5c025d99b143,dog_plush,train_pool,,a photo of zzobj02 plush toy,self-captured,self-captured,
img_7918,data/raw/dog_plush/v1/train_pool/IMG_7918.jpeg,8431dc15d791f402fd7c6fd1b89209cc33ce5b3b79344d5d6006f04e652f5e4c,dog_plush,train_pool,,a photo of zzobj02 plush toy,self-captured,self-captured,
img_7844,data/eval_refs/dog_plush/IMG_7844.jpeg,0126df90551d923fdba02b9c43c679724e1caa32bc47599d9f942a96ea3ee7e9,dog_plush,heldout,,,self-captured,self-captured,
img_7848,data/eval_refs/dog_plush/IMG_7848.jpeg,615d03ff30fcd0c746a37dc866b35f8e8b1d35d413f76c2e256ac2a933d4b9b4,dog_plush,heldout,,,self-captured,self-captured,
img_7851,data/eval_refs/dog_plush/IMG_7851.jpeg,fb18b98bf42edfd294a6cebae5c640f2f41ce555adfeed1a49961a490d29281e,dog_plush,heldout,,,self-captured,self-captured,
